{
  "project_info": {
    "project_number": "712509542854",
    "project_id": "hiternak-30212",
    "storage_bucket": "hiternak-30212.appspot.com"
  },
  "client": [
    {
      "client_info": {
        "mobilesdk_app_id": "1:712509542854:android:d7cb227151ea36d6d9a2c7",
        "android_client_info": {
          "package_name": "com.solusibejo.hiternak"
        }
      },
      "oauth_client": [
        {
          "client_id": "712509542854-m4cqaunillf7en9vg50hfcblhr22cbcs.apps.googleusercontent.com",
          "client_type": 3
        }
      ],
      "api_key": [
        {
          "current_key": "AIzaSyBbhEejM6oi4NhXIPI4HEM-zW8IE7rg-jQ"
        }
      ],
      "services": {
        "appinvite_service": {
          "other_platform_oauth_client": [
            {
              "client_id": "712509542854-m4cqaunillf7en9vg50hfcblhr22cbcs.apps.googleusercontent.com",
              "client_type": 3
            },
            {
              "client_id": "712509542854-l73r7n2fdvm7gsbp7k62t5kvbterjdkk.apps.googleusercontent.com",
              "client_type": 2,
              "ios_info": {
                "bundle_id": "com.solusibejo.hiternak"
              }
            }
          ]
        }
      }
    }
  ],
  "configuration_version": "1"
}